,Supplier_Lead_Time,Inventory_Levels,Order_Frequency,Delivery_Performance,Cost_Per_Unit
Supplier_Lead_Time,1.0,0.2355917446432908,-0.8685765060450575,-0.9048712322296752,0.9576475491272586
Inventory_Levels,0.2355917446432908,1.0,-0.18008950061207996,-0.1766209199025379,0.16962260249287317
Order_Frequency,-0.8685765060450575,-0.18008950061207996,1.0,0.7872276975923904,-0.8435515155273151
Delivery_Performance,-0.9048712322296752,-0.1766209199025379,0.7872276975923904,1.0,-0.9217954069752752
Cost_Per_Unit,0.9576475491272586,0.16962260249287317,-0.8435515155273151,-0.9217954069752752,1.0
